"title","task","tools","summary1","summary2","linkedinUrl"
"Starting My AI Journey","Kickstarting my journey in AI and preparing for the 100-day learning challenge","Twitter/X, LinkedIn","Focused on establishing a foundation by preparing for the #100DaysOfAI journey and setting goals for AI learning.","Today marks the beginning of my #100DaysOfAI challenge, where I am excited to build a strong foundation in artificial intelligence. As I embark on this journey, my aim is to enhance my knowledge through practical applications, daily learning, and engagement with the AI community. Today‚Äôs task involved mentally preparing for the challenge, publicly committing to share my progress on social media, and setting clear, achievable goals. I‚Äôm looking forward to expanding my AI skills daily, ultimately building a robust AI portfolio and tackling real-world problems. This initial step is all about habit-building, staying accountable within a supportive community, and planning ahead for success. The excitement is just beginning!","https://linkedin.com/post1"
"Mastering Email Writing with AI","Learning to use AI-driven tools to draft and refine emails with different tones and styles","ChatGPT","Explored techniques to improve email writing using ChatGPT, focusing on adjusting tone, length, and style.","Today‚Äôs lesson focused on using ChatGPT to enhance email communication. By experimenting with prompts, I practiced creating emails in various tones, including casual and professional, and adjusted the length to be concise or detailed based on the recipient‚Äôs needs. A major highlight was the ability to add, remove, or rewrite sections on demand, making it easier to create emails that resonate with specific audiences. This experience showed how AI can simplify content creation, even enabling fun prompts like ‚ÄòRewrite this email in the style of Elon Musk.‚Äô Overall, it‚Äôs fascinating to see AI reshape digital interactions, making every message intentional and impactful!","https://linkedin.com/post2"
"Creating AI-Powered Marketing Strategy","Utilizing ChatGPT to develop marketing strategies with the PREP framework","ChatGPT","Focused on creating a comprehensive AI-powered document generation strategy for drafting business documents","Today, I delved into the PREP framework (Prompt, Role, Explicit Instruction, Parameters) to create structured prompts for ChatGPT, crafting a detailed marketing strategy document. This framework empowered me to define clear objectives, assign roles, provide explicit instructions, and set necessary parameters for accurate and goal-aligned outputs. I explored how AI can enhance precision in data analysis, streamline efficiency by automating repetitive tasks, and drive innovative approaches in marketing. This experience reinforced AI‚Äôs potential in transforming marketing strategies, making the process not only efficient but also insightful and creative. Moving forward, I‚Äôll continue to refine this technique for various document types, maximizing AI's role in professional tasks.","https://linkedin.com/post3"
"Building a Website with AI","Creating a website for SmartPost AI using the no-code platform Unicorn Platform and AI functionalities","Unicorn Platform","Focused on designing and building a website for SmartPost AI with ease using a no-code tool","Today, I took my first steps in building a website for SmartPost AI, an innovative chatbot for creating LinkedIn posts, using Unicorn Platform‚Äôs no-code and AI-driven capabilities. This lesson highlighted how AI can simplify website creation, from generating the layout to writing and editing copy directly in the platform. The streamlined design experience allowed me to concentrate on making the homepage user-friendly and visually engaging without extensive technical skills. While the website isn‚Äôt yet fully complete, the initial progress exemplifies how AI can democratize web development, enabling users to create functional and attractive websites swiftly. I‚Äôm eager to continue refining it and exploring more AI tools for web projects.","https://linkedin.com/post4"
"Introducing SmartPost AI","Developed a custom AI assistant, SmartPost AI, to generate LinkedIn posts in my tone of voice using the Chipp platform","Chipp","Today, I created a custom AI assistant designed to streamline content creation for LinkedIn","In today‚Äôs session, I built SmartPost AI, a custom assistant using Chipp, which generates LinkedIn posts in my unique tone of voice. Chipp‚Äôs functionality allowed me to create, brand, and customize my assistant to suit my content creation needs, making LinkedIn posting easier and more engaging. The setup process was straightforward, thanks to Chipp‚Äôs user-friendly interface and customization options. This lesson provided insights into how Chipp enables businesses to create monetizable, branded AI assistants for tasks like content generation, customer engagement, and lead collection. I‚Äôm excited to continue refining SmartPost AI as I progress through my #100DaysOfAI journey!","https://linkedin.com/post5"
"Automating Meeting Notes with AI","Used Fathom to automatically generate meeting notes, highlights, and action items","Fathom","Today, I automated the process of taking notes during meetings using Fathom, an AI meeting assistant","On Day 6, I explored how Fathom can enhance meeting productivity by transcribing meetings, generating action items, and allowing for easy sharing of highlights. By using Fathom, I no longer need to split my focus between actively listening and note-taking; instead, Fathom handles all transcription and annotation tasks, ensuring nothing is missed. This tool is compatible with major platforms like Zoom and Microsoft Teams, and it can be easily integrated with CRM and automation tools for a more streamlined workflow. Fathom has proven to be a time-saving addition to my toolkit, letting me focus on engaging more fully during meetings.","https://linkedin.com/post6"
Breath & Reflect,"Reflect on learnings and achievements from the first week of the #100DaysOfAI challenge.","N/A","Today was a reflection day to assess key takeaways, enjoyable moments, and areas to explore more deeply in the #100DaysOfAI journey.","Recapped skills gained, like AI-powered email writing, no-code website building, custom chatbot creation, and automated meeting notes. Identified strengths and areas for deeper exploration in AI applications.","https://www.linkedin.com/posts/yourprogressday7"
Building an Audio-to-Text Note-Taking App,"Develop an app that converts spoken words to text, enhancing note-taking efficiency.","Glide","Today‚Äôs project focused on building an audio-to-text app that enables users to convert speech to text for quick and efficient note-taking.","Using Glide, I created an intuitive app that leverages AI-powered speech recognition, making it easy to capture thoughts on the go. This tool is helpful for recording ideas, planning, and even facilitating self-reflection on busy days.","https://www.linkedin.com/posts/yourprogressday8"
"Creating Your Own AI Business Coach Using a Mega-Prompt","Developed an AI business coach using a mega-prompt, enhancing decision-making capabilities and offering personalized business insights.","ChatGPT","Today, I focused on refining my prompting skills by building an AI business coach that utilizes a mega-prompt technique. The AI coach provides personalized business insights and actionable advice, making business coaching accessible and cost-effective. I explored how to write and modify mega-prompts, which set clear roles and directives for the AI assistant.","The AI business coach enhances decision-making by offering data-driven insights and real-time analysis of conversations. This project showcases the potential of AI in providing valuable business support.","https://lnkd.in/gjDzqS4B"
"Mastering AI-Powered Search Tools","Research & Discovery with AI-powered Search","Exa, Perplexity","Learned to utilize AI-driven search tools for improved research and discovery processes.","Today, I explored the innovative AI-powered search tools, Exa and Perplexity. These tools transform how we approach searching for information by offering intelligent results that enhance our research experience. By employing advanced algorithms and natural language processing, these platforms allow for a more conversational and intuitive interaction. I experimented with prompting techniques on Exa and investigated how Perplexity structures its responses, discovering the importance of context and real-time updates in delivering relevant information.","https://lnkd.in/gxw4Zf2w"
"Web Scraping Made Easy with Browse AI","Project: How to Scrape Data from Any Website","Browse AI","Learned to automate data extraction from web pages without any coding. Covered web scraping use cases, data export for analysis, and legal/privacy considerations.","Today, I explored the potential of no-code web scraping using Browse AI, which simplifies data collection by identifying specific elements on web pages. Using this tool, I learned to efficiently extract, collate, and export data, making it highly accessible for use in various data-led projects, including tracking job openings. Web scraping can be an excellent approach to gather data from numerous sources without manual effort, thus saving considerable time.","https://www.linkedin.com/share?mini=true&url=https://www.browse.ai/"
"Creating a Step-by-Step Guide Using AI","Using Guidde to develop step-by-step instructional videos and guides","Guidde","Focused on creating a streamlined, AI-driven guide to document processes effectively and share knowledge interactively","Today, I explored Guidde, an AI tool designed for creating step-by-step video guides that document processes with ease. Using Guidde, I captured each action in a selected process to produce a cohesive, shareable video guide. This tool‚Äôs AI capabilities automate the generation of contextual steps, enhancing clarity and reducing the time needed to produce high-quality instructional content. This experience emphasized the role of AI in transforming traditional documentation, making knowledge sharing both efficient and visually engaging. Moving forward, I plan to leverage Guidde for more complex guides to further streamline process documentation.","https://lnkd.in/e6h6dAEU"
"Unlocking PDF Secrets with AI Magic","Extracting insights from PDFs using AskYourPDF","AskYourPDF","Focused on using AI to interact with and extract insights from PDFs in a conversational interface","Today, I explored AskYourPDF, an AI-driven tool that enables conversational querying of PDF documents. By uploading a marketing-focused PDF, I used AskYourPDF‚Äôs chat interface to surface key insights, such as strategic marketing recommendations, without manually scanning each page. This experience showcased AI‚Äôs potential in simplifying research, making it faster and more efficient to find actionable data within large documents. Moving forward, I aim to apply this tool to additional research tasks, further enhancing document analysis and knowledge extraction with AI.","https://linkedin.com/post4"
"Week 2 Milestone Reflection","Reflecting on progress and achievements over the past two weeks in the 100 Days of AI journey","None","Dedicated time to reflect on achievements, noting milestones such as creating an AI-powered business coach and exploring AI-driven search tools","Today, I took a break to reflect on the projects completed during Week 2. These projects included building a Speech-to-Text app, an AI business coach, and leveraging AI for document insights and web scraping. Through these tasks, I explored AI's potential in accessibility, business strategy, and data extraction. Reflecting on this journey, I‚Äôve gained deeper insights into how AI can be applied to enhance productivity, streamline processes, and deliver impactful solutions. This pause has not only highlighted my growth but also inspired new ideas for leveraging AI in future projects.","https://linkedin.com/post5"
"AI Video Creation with Kapwing","Exploring AI-driven video creation using Kapwing to produce social media videos effortlessly","Kapwing","Learned to create and edit videos from text prompts and articles, added enhancements like text-to-speech and smart B-roll to elevate the quality","Today, I explored Kapwing, a powerful AI video creation tool. I created social media videos using just text prompts, converted articles into engaging videos, and added features like text-to-speech for enhanced audio. The tool's capabilities make video creation accessible, allowing anyone to generate high-quality videos without prior editing experience. This process showed me the potential of AI to streamline media creation and expand creative possibilities, especially for content creators and educators.","https://linkedin.com/post6"
"Custom CRM Creation with Frontly","Built a custom CRM system using Frontly to manage and analyze customer interactions effectively","Frontly","Learned to create a CRM with features like lead tracking, data visualization, and automated forms. Explored Frontly‚Äôs no-code capabilities to streamline the CRM development process and enhance customer relationships.","Today, I built a custom Customer Relationship Management (CRM) system using Frontly. The project focused on centralizing customer data, improving relationship management, and automating lead tracking. I created pages for all leads, filtered views for analytics services, and visualized service demand using AI-generated charts. This hands-on experience highlighted the power of no-code tools in transforming business processes and enhancing productivity.","https://lnkd.in/giRn7Cw5"
"Landing Page Creation with ChatGPT and Replit","Used ChatGPT to generate HTML and CSS code for a landing page and implemented it in Replit","ChatGPT, Replit","Learned to leverage AI for coding and quickly created a landing page. Explored Replit as a platform to run and test the generated code, gaining hands-on experience in using AI tools for practical coding projects.","Today, I combined the power of AI with coding by generating a landing page using ChatGPT and bringing it to life on Replit. The process was seamless and educational, demonstrating how AI can serve as a coding partner. I created an interactive landing page and successfully executed the code in Replit, enhancing my skills in using AI for coding tasks. I look forward to diving deeper into advanced coding techniques and more complex projects.","https://www.replit.com"
"Creating AI-Powered Ad Creatives","Utilized AdCreative.ai to create an advertising brand kit, ad template, and ad copy using AI-generated designs and text.","AdCreative.ai","Learned how to leverage AI for efficient ad design and copywriting, enabling faster and more effective ad creation. Experimented with generating custom ad creatives tailored for specific platforms.","Today, I explored AI-powered ad creative design using AdCreative.ai. I successfully created a brand kit, designed an ad template, and generated ad copy, streamlining the advertising process significantly. The tool's capabilities in optimizing performance and customization for target audiences were eye-opening, and I'm eager to apply these insights to enhance ad engagement and conversion rates in future projects.","https://app.adcreative.ai/"
"Creating AI-Generated Videos with Runway","Utilized Runway to create videos from text prompts and static images, exploring innovative ways to tell stories visually.","Runway","Learned to generate engaging videos using simple text prompts and to animate images with Runway‚Äôs 'Motion Brush' feature, enhancing my skills in video content creation.","Today, I dove into AI-powered video creation using Runway. I transformed text prompts into stunning videos and animated images, discovering the ease of use and potential for storytelling. This experience has opened new avenues for my content creation process, making video production accessible and exciting.","https://lnkd.in/gRjm2DWh"
"Exploring AI-Assisted Creative Writing","Utilized Sudowrite to craft a fictional story about my week in AI and used Checklet to refine jokes generated with an AI assistant.","Sudowrite, Checklet, ChatGPT","Learned to create engaging narratives with Sudowrite and improve joke writing using Checklet's feedback system, enhancing my creative writing skills.","Today, I dived into the realm of creative writing with Sudowrite and Checklet. I crafted a fictional story about my week in AI and polished AI-generated jokes, discovering the versatility of AI in storytelling and humor. This experience showcases how AI can enrich the writing process, making creativity more accessible.","https://lnkd.in/gyQN_3Dc"
"Week 3 Reflection","Reflected on a productive week of learning and engaging with AI tools.","None","‚Ä¢ Created social media videos with Kapwing on Day 15 üé• ‚Ä¢ Built a custom CRM using Frontly on Day 16 üíº ‚Ä¢ Generated code with ChatGPT & Replit on Day 17 üíª ‚Ä¢ Designed ad creatives with AdCreative.ai on Day 18 üñºÔ∏è ‚Ä¢ Produced a video with AI using Runway on Day 19 üé¨ ‚Ä¢ Enhanced writing with Sudowrite, ChatGPT, and Checklet on Day 20 ‚úçÔ∏è","This week has been incredibly productive and enlightening! Engaging with a variety of AI tools expanded my skills and creativity. Each tool has allowed me to express my creativity and enhance my productivity. I'm excited about the learning journey ahead and the possibilities that AI offers!","https://lnkd.in/gtbCMtnf"
"Visualize Your Learning With AI","Exploring a visual way of learning using Albus, a tool that allows users to interact with topics through images, text, and stories to enhance understanding.","Albus","Engaged with AI concepts visually, enhancing accessibility and understanding by using images and storytelling.","Today, I explored AI topics using Albus, delving into a new way of learning by visual association. I created a new board, explored topic breakdowns, found associated images, and used the Story function to deepen my understanding.","https://lnkd.in/dfQdyWbn"
"Making Art and Video in Discord","Exploring AI tools in Discord to create images and videos with Distillery and Pika Lab, using simple prompts to generate media quickly.","Discord, Distillery, Pika Lab","Experimented with creating AI-generated images and videos directly through Discord channels, learning prompt techniques and optional parameters for enhanced outputs.","Today, I created images using Distillery with text prompts and explored video creation with Pika Lab in Discord. I learned how to animate images and add camera movement, refining outputs for a more professional feel.","https://lnkd.in/gVt2Sr_8"
"Synthesize Your Voice with ElevenLabs","Learning to create synthesized voices using ElevenLabs, including voice cloning and crafting a unique synthetic voice.","ElevenLabs","Explored voice synthesis by creating an AI-generated version of my own voice and a unique synthetic voice. Experimented with different voice settings to understand their effects on delivery style.","Today, I synthesized my own voice and created a new, unique synthetic voice using ElevenLabs. This exercise highlighted the potential applications of AI in voice synthesis across content creation, accessibility, and personalization. I'm excited about the opportunities this technology opens for communication!","https://lnkd.in/gVt2Sr_8"
"Creating AI Art with Adobe Firefly","Learning to generate AI art using Adobe Firefly, focusing on dynamic prompting to enhance creativity in images.","Adobe Firefly","Explored the capabilities of Adobe Firefly by creating unique AI-generated images with dynamic prompts. Learned to control various image elements, including subject, style, location, and lighting, to achieve desired results.","Today, I experimented with Adobe Firefly, crafting unique AI-generated artworks using dynamic prompting. This exercise opened up new ways to blend creativity with technology, and I'm excited to use these techniques for future projects!","https://lnkd.in/dh5eRm54"
"AI Video Mini-Mission with Genmo","Creating AI videos with Genmo using style modifiers and descriptors for unique artistic outcomes.","Genmo","Learned to generate AI-driven videos on Genmo with style modifiers and descriptors. Created a video showcasing a no-coder working on Mars, experimenting with creative adjustments in Genmo's video generation.","Today, I explored video creation with Genmo, using style modifiers to craft visually unique videos. This experience helped me experiment with AI in video content creation and discover new ways to enhance video aesthetics with AI tools.","https://lnkd.in/dzKz9f9D"
"AI-Powered Email Categorization Tool","Building an email categorizer to automate sorting customer emails by priority and sentiment using OpenAI's API and Triggre.","Triggre, OpenAI, Zapier","Developed an email sorting tool with Triggre and OpenAI API integration, utilizing Zapier for automated email categorization. This system analyzes incoming emails' priority and sentiment to help streamline business workflows.","Today, I explored the potential of AI in business automation by building an email categorizer. With OpenAI and Triggre, this tool efficiently organizes customer emails, freeing time for high-priority responses and enhancing productivity.","https://lnkd.in/dB9WqD2V"
"Week 4 Highlights - From Art to Automation","Reflecting on a diverse week of AI exploration, from creative projects to automation.","None","Summarized key learnings and milestones from Week 4, covering AI-driven art creation, video generation, voice synthesis, and automation solutions with innovative tools.","This week's journey through AI spanned across visual learning, creative generation, voice synthesis, and automation. Each tool contributed uniquely to understanding AI's transformative role in both creativity and productivity.","https://lnkd.in/dH3jFqW8"
"Crafting a Winning Marketing Strategy with AI","Created a comprehensive marketing strategy using AI for a new health and wellness product line, focusing on elements like target audience, messaging, and channels.","ChatGPT, AI Assistant","Developed a detailed marketing plan utilizing the PREP framework, covering essential areas such as market analysis, target demographics, and campaign strategies.","The process demonstrated the potential of AI in streamlining strategic planning, making it more data-driven and efficient. By defining roles, giving explicit instructions, and setting clear parameters, I crafted a tailored, actionable plan for market success.","https://lnkd.in/dH3jFqW8"
"Mastering Video Shorts with OpusClip!","Learned how to repurpose long-form video into engaging video shorts for social media using Opus Clip.","Opus Clip","Created social media video shorts from longer video content with just one click, capturing attention with strategic edits and captions.","This experience highlighted the impact of video in social media marketing, making content more accessible and engaging for users. It also demonstrated how AI tools can streamline the video editing process, optimizing content for multiple platforms.","https://lnkd.in/dH3jFqW8"
"Streamlining Job Applications with AI-Powered Cover Letters","Learned how to use aiApply to create job-specific cover letters quickly and effectively, improving application efficiency.","aiApply","Used AI to generate cover letters and resumes tailored to specific job descriptions, helping to align key skills with role requirements.","This approach minimizes time and energy in the job application process, allowing for more targeted applications and potentially higher response rates.","https://lnkd.in/dH3jFqW8"
"Embracing the Mission Phase with Creative Exploration","Completed the Adobe Creative Types test and identified my creative type as 'Adventurer', paving the way for enhanced creative self-awareness.","Adobe Creative Types","Discovered personal strengths and learned how to apply them effectively to real-world projects within the 100 Days of AI challenge.","As an 'Adventurer', I plan to leverage my curiosity and enthusiasm to explore new AI projects, enhance storytelling, and connect with others on LinkedIn, inspiring others through shared insights and dynamic learning.","https://lnkd.in/dB5jY7Er"
"Embracing Creativity and Overcoming Perfection","Completed the 30 Circles Exercise to boost creativity and reduce perfectionism in ideation processes.","Paper and Pencil","Practiced generating a high volume of ideas quickly to enhance fluency and flexibility in creative thinking.","The exercise taught me the power of focusing on quantity over quality, showing how quickly produced ideas lead to unique and valuable insights. I plan to use this technique regularly for creative inspiration in AI projects.","https://lnkd.in/dS9jY3Ex"
"Creating a Productive Workspace","Set up my workspace to foster productivity and consistency in the 100DaysofAI challenge.","Organizing Materials","Focused on reducing friction for positive habits and increasing friction for distractions by organizing and preparing my learning space.","After clearing and organizing, I realized how a well-prepared space makes it easier to start each session. I've made everything I need easily accessible, making it simpler to maintain focus and build consistent AI study habits.","https://lnkd.in/dR2mX45z"
"Reflecting on Week 5","Took a day to relax, reflect, and review progress so far in the 100DaysofAI challenge.","Reflection","Reviewed my recent AI projects and experiences, acknowledging significant progress and setting intentions for upcoming tasks.","Week 5 Highlights: Developed marketing strategies, created engaging video content, tailored job-specific cover letters, prepared for sprint missions, and completed sprints onboarding phases. Excited to continue this journey!","https://lnkd.in/dD3mY6wF"
"Crafting the Generalist Movement Campaign","Completed research and synthesis for Generalist World, focusing on the role of generalists and their impact on the workforce.","Research & Synthesis","Explored the generalist movement to understand the unique skill sets of generalists, their adaptability, and their contributions. Defined campaign goals to spread awareness and elevate brand recognition for Generalist World.","Research Findings: Generalists bridge disciplines, bringing adaptability and innovation. Campaign Goal: To inspire people with generalist skills and position Generalist World as a hub for non-linear careers. Highlighted examples of icons like Beyonc√© and Elon Musk.","https://lnkd.in/dD3mY6wF"
"Campaign Brainstorming for Generalist World","Utilized the SCAMPER framework to brainstorm and ideate structure and content for a campaign to raise awareness about the generalist movement.","Brainstorming & Ideation","Organized ideas using a mind map to visually outline campaign structure, showcasing the importance of generalists and increasing brand recognition for Generalist World.","The SCAMPER framework provided a systematic approach: substituting, combining, adapting, modifying, and refining elements to create a unique and impactful campaign. This step brings clarity on showcasing the generalist value through project showcases, personal stories, and engaging visuals.","https://lnkd.in/exampleURL"
"Bringing Ideas to Life with Notion","Built the first part of the Generalist Movement Campaign by creating a detailed Notion page to represent the campaign‚Äôs objectives, target audience, key messages, timeline, and resources.","Campaign Creation","Developed a structured Notion page for the Generalist Movement Campaign, setting a foundation that highlights the versatility and strengths of generalists.","Transitioned from ideation to execution, using Notion to organize and present the campaign in a compelling way. This page serves as a hub to educate, engage, and inspire the generalist community, helping raise awareness for the movement.","https://lnkd.in/ghCRnq9e"
"Bringing Ideas to Life! - Day 2","Enhanced key sections of the Generalist Movement Campaign to showcase the versatility and value of generalists.","Campaign Development","Completed the campaign by adding project showcases, skill highlights, personal stories, and a video section to enhance engagement and impact.","Made significant progress by creating detailed project showcases with visuals, highlighting critical skills, sharing personal growth stories, and incorporating videos to demonstrate the real-world impact of generalists.","https://lnkd.in/gpi7DvdU"
"Crafting the Perfect Distribution Strategy!","Defined a clear distribution strategy to maximize visibility and engagement for the Generalist Movement Campaign.","Campaign Distribution Strategy","Developed a detailed distribution plan focusing on using LinkedIn to connect with relevant audiences, including industry professionals and communities that align with the generalist philosophy.","Outlined strategies for attracting attention through social media, engaging the audience with interactive content, and providing value through resources and exclusive insights.","https://lnkd.in/gpi7DvdU"
"Launching My Distribution Strategy & Elevating My Profile!","Executed the distribution strategy for the Generalist Movement Campaign, leveraging LinkedIn to reach a broader audience.","Campaign Launch and Profile Optimization","Launched the campaign by sharing regular updates, engaging content, and exclusive insights, while also enhancing my LinkedIn profile to better reflect my journey and aspirations.","Updated profile headline and cover photo to resonate with the campaign's mission and enhance visibility.","https://lnkd.in/gpi7DvdU"
"Reflecting on My AI Journey and Unveiling the Campaign","Reflected on the journey of creating and launching the Generalist Movement Campaign while sharing valuable insights and feedback.","Final Reflection and Campaign Sharing","Reflected on growth, challenges, and the creative process of developing the campaign. Unveiled the campaign to showcase interdisciplinary thinking and diverse skills.","Emphasized the importance of flexibility, collaboration, and feedback in refining the campaign.","https://lnkd.in/gpi7DvdU"
"Learn How to Learn with AI","Learn How to Learn with AI","AI assistant (ChatGPT, Gemini, Claude, etc.)","Today, you‚Äôll be learning how to use AI to learn! Very meta.","Today, I unlocked a new level in my AI journey by mastering the PREP Framework‚Äîa method that‚Äôs revolutionizing how I interact with and learn from AI. Here‚Äôs why it‚Äôs a game-changer: The PREP Framework Breakdown: Prompt: Setting the stage for AI interaction. Role: Assigning a clear role to the AI assistant. Explicit Instruction: Providing precise directions. Parameters: Defining the scope for optimal results. Using this framework, I created an engaging seminar script on firewalls. The AI, acting as a seminar expert, delivered a flawless balance of technical detail and simplicity. The result? A top-notch script ready to captivate any audience! As I continue this journey, I'm excited to explore even more ways AI can enhance our personal and professional lives. Let‚Äôs keep pushing the boundaries of what AI can achieve!","https://lnkd.in/gpi7DvdU"
"Crafting Logos with AI Magic!","Creating Logos with AI","Looka","Today, I explored AI-driven logo design and created a logo for the AI Innovators Hub!","Today, I took a creative leap by diving into AI-driven logo design and brought to life a stunning logo for the AI Innovators Hub! Using AI for logo creation is not just about speed; it‚Äôs about unlocking endless possibilities in creativity. With AI, I explored unique designs, color palettes, and styles that perfectly represent innovation and forward-thinking. My experience was enriching: I leveraged AI tools to brainstorm logo concepts, refined the design with the AI‚Äôs help to make it sleek and professional, and polished the logo to reflect the essence of the AI Innovators Hub. The result? A logo that speaks volumes about innovation and creativity! Check it out!","https://lnkd.in/gtn8iuEq"
"Revolutionizing Presentations with AI-Powered Design","Creating Presentations with AI","Gamma","Today, I built an AI-powered presentation on Automation that‚Äôs sleek and informative!","Today was a game-changer! I built an AI-powered presentation on Automation that‚Äôs not only sleek but also incredibly informative. Using AI for this project was an eye-opener. The efficiency it brought to the design process saved me hours, allowing me to focus on content. The AI-generated slides are visually stunning and professional, and the content crafted with AI keeps the audience engaged. This is just the beginning‚ÄîAI is opening doors to endless possibilities in content creation and automation. Can‚Äôt wait to see what‚Äôs next! Check out the slides and let me know what you think!","https://lnkd.in/e-CEYXWJ"
"Boost Your SEO Strategy with AI Today!","Dove deep into using AI to enhance my SEO strategy by drafting SEO-optimized content and identifying keyword groups.","SEO Strategy Development","Explored the integration of AI into SEO, focusing on the PREP Framework and the Apprentice Model for creating effective content.","Learned to combine human creativity with AI precision using the AI Sandwich approach, which streamlined my content creation process and ensured alignment with brand voice.","https://lnkd.in/e-CEYXWJ"
"Creating Art With Microsoft Copilot Designer","Utilized Microsoft Copilot Designer to explore AI-generated art creation, learning about prompt engineering and style modifiers.","Microsoft Copilot Designer","Today, I took my creativity to new heights with Microsoft Copilot Designer, a groundbreaking tool that blends AI with artistic expression. Whether you‚Äôre an experienced artist or just starting out, this tool turns your ideas into stunning visuals in seconds! üåü Here‚Äôs what I discovered: üé® Instant Art Creation: Transform simple prompts into unique, beautiful art pieces effortlessly. üîó Seamless Integration: Easily incorporate AI-generated designs into any project. üîÑ Unlimited Possibilities: From logos to social media graphics, Copilot Designer has you covered!","I generated various AI art images by crafting specific prompts and utilizing style modifiers and quality boosters. The process was intuitive, and I was amazed by the variety of results.","https://www.linkedin.com/posts/example-link"
"Creating Wireframes with Text Prompts","Utilized Uizard to create wireframes from text prompts, gaining insights into the design process and the distinction between wireframes and mock-ups.","Uizard","Day 48 of #100DaysOfAI took me on a creative journey, where I discovered the magic of AI in design using Uizard by Miro Labs. Wireframes are like the skeleton of a digital product, outlining the structure before adding the flesh of design. Today, I turned text prompts into functional wireframes, exploring how AI can streamline the design process. Here‚Äôs what stood out: ‚Ä¢ üßë‚Äçüíª Text Prompts to Wireframes: With just a few words, I built the foundation of a user-friendly interface. ‚Ä¢ üõ†Ô∏è Efficiency & Clarity: Focusing on functionality early saves time and ensures a smoother design process. ‚Ä¢ üé® Wireframes vs. Mock-ups: I learned the critical difference between these two stages, each essential in its own way. I‚Äôm excited to continue pushing the boundaries of what AI can do in design. Curious to see my wireframes? Take a peek here: https://lnkd.in/gPRqwfVj","I explored how AI can streamline the design process by using text prompts to create functional wireframes. The experience emphasized the importance of focusing on structure and usability early in the design phase.","https://www.linkedin.com/posts/example-link"
"Rest & Reflect","Took time to relax and reflect on progress over the past week, focusing on the creative aspects of AI and its impact on my learning and design process.","None","Reflecting on Week 7 of the #100DaysOfAI Challenge, this week has been a deep dive into the creative power of AI, transforming the way I approach design, learning, and innovation. Here‚Äôs what I explored: 1Ô∏è‚É£ Learning to Learn: Supercharged my learning with ChatGPT. üìö 2Ô∏è‚É£ Designing Logos: Turned ideas into reality with Looka‚Äôs magic. ‚úèÔ∏è 3Ô∏è‚É£ AI-Powered Presentations: Created stunning slides with Gamma. üñºÔ∏è 4Ô∏è‚É£ SEO Optimization: Enhanced strategies using ChatGPT. üîç 5Ô∏è‚É£ Artistic Exploration: Released creativity through Microsoft Copilot Designer. üé® 6Ô∏è‚É£ Easy Wireframing: Built interfaces effortlessly with Uizard by Miro Labs. üìê The versatility of AI knows no bounds! I‚Äôm excited to continue this journey, pushing the boundaries of creativity and innovation. üí¨ Curious about these tools? Let‚Äôs connect and share experiences! ü§î What‚Äôs your go-to AI tool for creativity? Comment below, let‚Äôs discuss!","I reflected on my progress, emphasizing how AI tools have transformed my learning and creative processes throughout the week.","https://www.linkedin.com/posts/example-link"
"PerMISSIONless Day 1: Research and Synthesize","Explored the concept of a permissionless mindset by researching real-life examples of individuals who took initiative without seeking approval. Emphasized the importance of recognizing needs and creating solutions to drive impact.","None","Today, I explored a game-changing concept: the Permissionless Mindset. It‚Äôs about recognizing a need, creating solutions, and driving impact‚Äîwithout waiting for anyone's approval. üí™ Throughout the day, I dove into inspiring examples of individuals who took bold actions, adding immense value simply by taking initiative. Here‚Äôs what I learned: üåü Key Principles of a Permissionless Mindset: ‚Ä¢ Take Initiative: If you spot a problem, don‚Äôt wait‚Äîsolve it. ‚Ä¢ Unleash Creativity: Use your unique talents to think outside the box. ‚Ä¢ Create Value: Focus on delivering meaningful impact, regardless of immediate recognition. üíº Notable Real-Life Examples: ‚Ä¢ Kwein by Design: They shared their work publicly and ended up designing for the Olympics and North Face. üåç ‚Ä¢ Marta Puerto: Reimagined her portfolio during her job search, leading to opportunities that matched her passion. üé® ‚Ä¢ Alexander Shatov: Designed stunning 3D logos for top brands, proving his skills without waiting for a nod. üñåÔ∏è Adopting a permissionless mindset is empowering. It‚Äôs about taking control of your path, showcasing your skills, and adding value where it counts. This approach builds confidence and unlocks new opportunities. üöÄ Tomorrow, I‚Äôm brainstorming ideas for my very own permissionless project. Excited to see where this mindset takes me! üåü üëâ What about you? Have you ever taken a bold step without waiting for permission? I‚Äôd love to hear your story in the comments! üëá","I reflected on the concept of a permissionless mindset, focusing on the importance of taking initiative and creating value without waiting for approval. This week will involve brainstorming my own project ideas based on this mindset.","https://www.linkedin.com/posts/example-link"
"Crafting Solutions Without Boundaries","Brainstormed impactful projects based on feedback and requests found across platforms, focusing on the Permissionless Mindset.","None","Today, I embraced the essence of a Permissionless Mindset‚Äîtaking the initiative to brainstorm impactful projects without waiting for the green light. üö¶ What I Discovered: I spent time analyzing requests and feedback across platforms, and here‚Äôs where I see potential: üîπ Elevating AI Content‚ÄîLeveraging analytics to craft posts that truly resonate. üîπ Enhancing Learning Journeys‚ÄîDesigning features that make online platforms more engaging and intuitive. üîπ Welcoming Newcomers‚ÄîCreating seamless onboarding processes to support AI beginners. It‚Äôs all about creating value‚Äînot just for myself, but for the community. I‚Äôm excited to move forward and make these ideas tangible. üí° Your thoughts? What‚Äôs one area in AI you believe could use a little innovation? ü§îüëá","I reflected on the importance of taking initiative and brainstorming ways to provide value without waiting for permission. Today's focus on analyzing feedback helped me identify specific areas for potential projects in the AI space.","https://www.linkedin.com/posts/example-link"
"AI-Driven LinkedIn Optimization","Started developing an AI-powered tool to enhance LinkedIn presence for professionals.","None","Today, I began working on an AI-powered tool designed to help professionals maximize their LinkedIn presence. The tool will: üîò Automatically generate posts. üîò Include trending keywords and hashtags. üîò Recommend content styles that resonate with your audience. üîò Suggest the best times to post for optimal engagement. The basic framework is set up, and I‚Äôm excited to refine it further. Tomorrow, I‚Äôll focus on improving the content suggestion algorithm and enhancing the timing optimization feature. Interested? Let‚Äôs connect to discuss how AI can help boost your LinkedIn strategy!","I reflected on the importance of creating something of real value for users. Today, I set up the basic framework for my project, aiming to automate LinkedIn post generation with engagement optimization.","https://www.linkedin.com/posts/example-link"
"Building Momentum!","Continued enhancing the project's features and refining details for better user experience.","None","Today marks another exciting step in our #100DaysOfAI journey. üéâ I‚Äôve been working on enhancing the project's features and refining its details. The aim is to ensure the project is not only functional but also user-friendly and impactful. üöÄ I'm considering adding a 1-2 minute video pitch to my project. It will help explain the problem, the solution, and the value added‚Äîplus, it's a great opportunity to practice presenting my ideas! Tomorrow, we'll dive into planning how to distribute our project and get it in front of the right audience. Stay tuned for more updates!","Reflecting on user feedback, I focused on enhancing the project‚Äôs features to make it more user-friendly and impactful. I also recognized the importance of creating a video pitch to effectively communicate the project‚Äôs value.","https://www.linkedin.com/posts/example-link"
"Planning the Perfect Launch Strategy!","Developed a strategic plan to distribute my project effectively to the target audience.","None","Today, I dove deep into making sure my permissionless project gets the visibility it deserves! üåü It‚Äôs not just about creating something amazing; it‚Äôs about making sure the right people see it. Here‚Äôs how I tackled it:  üéØ Today's task: üìù Develop a powerful strategic plan to distribute my project to the right audience. üîç What I Did: ‚Ä¢ Target Audience: Identified key influencers and organizations that would benefit most from my project. üéØ ‚Ä¢ Distribution Channels: Chose the most effective platforms for outreach‚Äîthink cold emails, LinkedIn, Twitter, and more. üåê ‚Ä¢ Crafted Messages: Created compelling, personalized emails and social media posts that highlight the unique value of my project. ‚úâÔ∏è ‚Ä¢ Step-by-Step Plan: Designed a detailed rollout strategy outlining exactly when and how to execute this distribution plan. üóìÔ∏è The real magic happens when your project reaches the people who can truly benefit from it. With today‚Äôs work, I‚Äôm setting the stage for new opportunities and collaborations. üöÄ Tomorrow, I‚Äôll put this plan into action and track its impact. I‚Äôm excited to see where this journey leads! Stay tuned for the results! üî• Let‚Äôs connect and exchange ideas on distribution strategies! üí¨ If you‚Äôre up for collaborating or have any tips, drop a comment below or send me a message.","Focused on strategic planning to maximize project visibility and reach the right audience.","https://www.linkedin.com/posts/example-link"
"Launch Day: Taking PostGenie to the World!","Successfully launched PostGenie, my AI-driven tool designed to elevate social media engagement.","None","Today is a huge milestone in my #100DaysOfAI journey. üéâ I‚Äôm thrilled to announce that I‚Äôve officially launched PostGenie, my AI-driven tool designed to elevate your social media game. üåü Here‚Äôs what went down today: üéØ Execution: I rolled out the strategic distribution plan crafted to ensure PostGenie reaches the right audience. üíå Outreach: Engaged with influencers and potential users across LinkedIn, Twitter, X, and via email to spread the word. üí° Value Proposition: Highlighted how PostGenie can help creators optimize their content strategy, leveraging AI to boost visibility and engagement. Visibility is key, but it's about targeting the right people. PostGenie is built to empower creators, marketers, and professionals to maximize their impact on social media platforms. üí™ Tomorrow, I will reflect on my journey and share my work with the community!","Focused on launching the AI tool and engaging with the target audience to gather feedback and insights.","https://lnkd.in/gHvuzNEg"
"Wrapping Up Week 8 of #100DaysOfAI: Progress & Challenges","Reflecting on the distribution plan execution for PostGenie and community engagement.","None","Week 8 of my #100DaysOfAI journey was all about executing the distribution plan for PostGenie, optimizing content, and engaging with the community. It‚Äôs been exciting to see the impact and receive valuable feedback along the way. Highlights: ‚Ä¢ Launched PostGenie: Rolled out my AI-driven social media tool and started seeing its real-world impact. ‚Ä¢ Content Optimization: Focused on using trending keywords and hashtags for maximum reach. ‚Ä¢ Community Engagement: Connected with peers, exchanging insights and encouragement. Challenges: ‚Ä¢ Balancing Creativity & Strategy: Struggled to find the perfect blend of creative content and technical optimization. ‚Ä¢ Feedback Implementation: Navigating through feedback to decide what to implement. Moving forward, I‚Äôm excited to refine PostGenie and see where the journey takes me next!","Reflecting on the challenges and successes during the launch of the AI tool, aiming for continual improvement.","https://www.linkedin.com/posts/yourpostlink"
"Building My AI Thinking Partner ü§ñ","Exploring the creation of a customized AI partner to enhance decision-making and creativity.","ChatGPT","Today‚Äôs challenge was all about creating something unique‚ÄîMy AI Thinking Partner to enhance my decision-making and creativity. Key Takeaways: ‚Ä¢ Customization: I dived deep into how to tailor ChatGPT to fit my specific needs. It‚Äôs incredible how AI can be molded to become a personal assistant, advisor, or even a brainstorming buddy! ‚Ä¢ AI-Enhanced Thinking: Learning to think with AI opens up new dimensions of problem-solving. It‚Äôs like having a superpower that amplifies creativity and insight. As we move deeper into the AI-driven world, having an AI Thinking Partner is like having an extra pair of expert hands, helping to navigate complex challenges, spark innovative ideas, and make better decisions faster. I'll continue refining my AI partner to align more closely with my goals, making it an essential part of my daily workflow. The journey of learning and innovation continues. Stay tuned for more updates and insights!","Created an AI Thinking Partner to help with decision-making and enhance creative thinking.","https://www.linkedin.com/posts/yourpostlink"
"Unlocking Insights with Sentiment Analysis Using AI","Exploring sentiment analysis to understand audience emotions and refine messaging.","Multiple","Today‚Äôs project was all about diving into the world of Sentiment Analysis with the power of AI. I harnessed OpenAI's ChatGPT to perform sentiment analysis on one of my previous posts. The results? A deeper understanding of how my content resonates with my audience‚Äîpositive vibes, constructive criticism, and everything in between. Key Insights: ‚Ä¢ Sentiment Analysis: It‚Äôs fascinating to see how AI can break down text and analyze emotions behind words, helping me refine my messaging for better engagement. ‚Ä¢ Data-Driven Decisions: By understanding the sentiment of my audience, I can tailor my content more effectively, ensuring it hits the right notes. In the age of AI, understanding your audience is crucial. Sentiment analysis is a powerful tool that allows us to connect more deeply and meaningfully with our readers, driving better results in content strategy. The journey continues as I explore more ways to integrate AI into my workflow, making each step smarter and more insightful.","Used AI tools to analyze sentiment in content, leading to improved engagement and audience connection.","https://lnkd.in/dfb3fh2g"
"Prioritizing Marketing Tactics with AI","Using AI to prioritize specific marketing tactics by analyzing goals, target audience, budget, and available resources","ChatGPT","AI was used to prioritize marketing tactics for the PostGenie project, focusing on connecting audience behavior with effective channels.","Using the PREP framework, AI helped identify the most impactful marketing tactics for PostGenie by linking audience behavior to optimal marketing channels, providing a clear roadmap for increasing brand awareness and engagement through prioritized actions.","https://lnkd.in/dfb3fh2g"
"Creating Graphs & Charts with AI Assistants","Using AI to create visualizations from a dataset on heart disease, transforming data into accessible charts and graphs","ChatGPT","Data from a heart disease dataset was visualized with the help of AI, highlighting critical health patterns and trends.","ChatGPT enabled rapid data visualization, creating insightful graphs from a heart disease dataset. These visuals focused on how different factors influence heart disease, providing impactful insights for healthcare decisions.","https://lnkd.in/esu2R3eY"
"App Creation with Airtable Cobuilder","Using Airtable Cobuilder to create a community app prototype for skill exchange, no coding required","Airtable","Developed 'SkillLink Hub,' an app that uses AI-driven features to connect people for skill exchanges within communities.","Airtable Cobuilder enabled rapid prototyping of the SkillLink Hub app, featuring AI-driven skill matching, project management tools, and community forums to support collaborative skill exchanges. This platform demonstrates how no-code tools are transforming app development for users of all skill levels.","https://lnkd.in/esu2R3eY"
"Visualizing Machine Learning Workflows","Using Napkin AI to create visual workflows for complex machine learning concepts","Napkin AI","Developed visual representations of machine learning workflows to simplify complex processes for broader understanding.","By leveraging Napkin AI‚Äôs Auto Spark feature, I transformed intricate ML workflows into an easy-to-follow visual guide. This format allows both beginners and experts to better understand the ML process and its stages, making advanced concepts more accessible and shareable.","https://lnkd.in/esu2R3eY"
"Rest & Reflect","Rest & Reflect","None","Today was a day dedicated to rest and reflect, marking the midway point in the #100DaysOfAI journey. I took a step back to view my progress so far and prepared to move forward with renewed energy.","As part of today‚Äôs rest and reflection, I reviewed the incredible progress made in developing AI tools and applications throughout the past week. Key milestones include building an AI brainstorming tool, conducting sentiment analysis, prioritizing marketing strategies, visualizing data, exploring no-code tools, and making complex processes shareable through visual AI tools. This reflective pause helped me consolidate learnings and prepare for the next phase of this journey.","https://www.linkedin.com/posts/100DaysOfAI-day63-progress"
