name,logoNumber,description
"ChatGPT","1","An advanced AI language model developed by OpenAI that can generate human-like text, answer questions, assist in writing, and much more."
"Unicorn Platform","2","A website builder for SaaS and startups, focused on simplicity and efficiency, allowing users to create attractive landing pages without coding."
"Chipp","3","A streamlined platform for creating and sharing product updates, empowering businesses to communicate changes effectively with users."
"Fathom","4","A call recording and transcription tool that helps users document and analyze their conversations, especially useful for meetings and interviews."
"Glide","5","A platform for creating mobile and web apps without code, allowing users to turn spreadsheets into powerful applications effortlessly."
"Exa","6","An AI-powered search engine that delivers precise and context-aware search results, enhancing the way users find and engage with information."
"Perplexity","7","An AI-driven search tool that provides context-aware results, using natural language processing for intuitive and accurate information retrieval."
"Browse AI","8","A no-code web scraping tool that automates data collection from websites, allowing users to monitor and extract data seamlessly."
"Guidde","9","A tool for creating video-based step-by-step guides, enabling users to document processes and tutorials quickly with ease."
"AskYourPDF","10","A tool that allows users to query and interact with PDF documents using AI, simplifying the process of extracting specific information from files."
"Kapwing","11","An online platform for collaborative video editing and content creation, offering tools for editing, adding subtitles, and more, all in the browser."
"Frontly","12","A no-code tool for building web applications quickly, providing pre-built templates and tools to customize and deploy applications easily."
"Replit","13","A collaborative online IDE that supports multiple programming languages, allowing users to code, compile, and share projects in real time."
"AdCreative.ai","14","An AI-driven platform for generating high-conversion ad creatives, helping marketers optimize ad visuals and copy for better performance."
"Runway","15","A suite of AI tools for creatives, enabling video editing, content generation, and image manipulation using cutting-edge machine learning models."
"Sudowrite","16","An AI writing assistant for authors, offering creative ideas, story generation, and editing support for crafting compelling narratives."
"Checklet","17","A tool designed to automate routine tasks by creating simple checklists and workflows, improving productivity and efficiency."
"Albus","18","An AI-powered brainstorming and ideation tool that helps teams generate, refine, and organize ideas for projects and innovations."
"Pika Lab","19","A visual design tool that uses AI to create engaging illustrations and graphics, helping designers bring ideas to life with minimal effort."
"Distillery","20","An AI-powered tool for content analysis and summarization, allowing users to distill large texts into concise and insightful summaries."
"ElevenLabs","21","An advanced AI tool for creating realistic voiceovers, enabling users to generate lifelike audio from text with customizable voice styles."
"Adobe Firefly","22","A generative AI suite by Adobe that enhances creativity, enabling users to generate images, edit photos, and create unique content using natural language prompts."
"Genmo","23","An AI animation tool that turns static images into dynamic animations, allowing creators to generate engaging visual storytelling content effortlessly."
"Triggre","24","A no-code platform that leverages AI to help businesses build custom applications without programming, simplifying the development of digital solutions."
"Zapier","25","An automation tool that connects apps and services, enabling users to automate workflows and streamline repetitive tasks without coding."
"Microsoft Copilot","26","An AI-powered assistant integrated within Microsoft Office applications, enhancing productivity by providing smart suggestions, content generation, and data analysis."
"Opus Clip","27","A video editing tool that uses AI to transform long videos into short, engaging clips optimized for social media, with automatic scene detection and highlights."
"aiApply","28","An AI platform designed to automate the hiring process, assisting with resume screening, candidate matching, and recruitment workflows for efficient talent acquisition."
"Looka","29","A logo and brand design platform powered by AI, enabling users to create customized logos and brand assets tailored to their business needs."
"Uizard","30","An AI-driven design tool that transforms sketches and wireframes into high-fidelity prototypes, streamlining the UI/UX design process for web and mobile apps."
"Airtable","31","A cloud-based collaboration tool that combines the features of a spreadsheet and a database, enabling teams to organize, manage, and share information seamlessly."
"Canva","32","A graphic design platform that uses AI to help users create stunning visuals, presentations, and social media graphics with a user-friendly interface and extensive template library."
"Galileo AI","33","An AI tool that enhances the travel planning experience by providing personalized recommendations for flights, accommodations, and activities based on user preferences."
"Claude","34","An AI model designed for natural language processing tasks, providing high-quality text generation, summarization, and conversational abilities for various applications."